{
  "num_concurrent": 5,
  "baseline": {
    "total_time_sec": 8.630675315856934,
    "throughput_rps": 0.5793289420601444,
    "avg_latency_sec": 1.7261332035064698
  },
  "concurrent": {
    "total_time_sec": 2.8956856727600098,
    "throughput_rps": 1.726706751024628,
    "avg_latency_sec": 2.0616374015808105,
    "speedup": 2.980529066758356
  },
  "gpu_memory_mb": 19028,
  "endpoint": "direct_inference"
}