{
  "profile": [
    {
      "stage": "Baseline",
      "used_mb": 19028,
      "total_mb": 23028,
      "percent": 82.62984193156157
    },
    {
      "stage": "After ASR",
      "used_mb": 19028,
      "total_mb": 23028,
      "percent": 82.62984193156157
    },
    {
      "stage": "After TTS",
      "used_mb": 19028,
      "total_mb": 23028,
      "percent": 82.62984193156157
    }
  ],
  "summary": {
    "min_mb": 19028,
    "max_mb": 19028,
    "range_mb": 0,
    "total_mb": 23028,
    "peak_percent": 82.62984193156157
  }
}