{
  "statistics": {
    "asr": {
      "mean": 1.802162806193034,
      "median": 1.8381693363189697,
      "min": 1.487539529800415,
      "max": 2.080779552459717
    },
    "query": {
      "mean": 4.627092679341634,
      "median": 4.840588808059692,
      "min": 3.3230185508728027,
      "max": 5.717670679092407
    },
    "tts": {
      "mean": 1.7794968287150066,
      "median": 1.8425743579864502,
      "min": 0.5843789577484131,
      "max": 2.9115371704101562
    },
    "total": {
      "mean": 8.208752314249674,
      "median": 8.521332502365112,
      "min": 5.394937038421631,
      "max": 10.70998740196228
    }
  },
  "gpu_memory_mb": 19028,
  "sample_query": "When we fit in all of this clearly has given up after? well it's taken is a tension made to arse my eggs to me, but the more widths thecontest for the index of the index of the holidays, fairly go to the form in which the index have made one of her eyes and three more tions bright. So this is lost! To tell you about the nature of big history a reminder: that the so history.",
  "sample_answer": "Based on the provided text, how did humans first gain their connection to the contemporary horse family, which happens to be a core prochordate?",
  "architecture": "vLLM (ASR via prompting + Q&A) + gTTS (TTS)"
}